midi_filename,bpm,username,practice_mode,error_before_right_timing,error_after_right_timing,error_before_right_pitch,error_after_right_pitch,pre_notesCorrect,post_notesCorrect,pre_overalldurationdifference,post_overalldurationdifference,pre_durationslope,post_durationslope,pre_durationmean,post_durationmean,pre_durationstd,post_durationstd,pre_internoteintervalslope,post_internoteintervalslope,pre_internoteintervalmean,post_internoteintervalmean,pre_internoteintervalstd,post_internoteintervalstd,pre_relativepresstimeslope,post_relativepresstimeslope,pre_relativepresstimemean,post_relativepresstimemean,pre_relativepresstimestd,post_relativepresstimestd,pre_velocityslope,post_velocityslope,pre_velocitymean,post_velocitymean,pre_velocitystd,post_velocitystd,pre_pitch,post_pitch,pre_tempo,post_tempo,pre_rhythm,post_rhythm,pre_articulationDynamics,post_articulationDynamics,pre_overall,post_overall
74a_HaKovaSheli.midi,85,lali_expert_01,IMP_TIMING,0.111472216216217,0.0257598333333338,0.0416666666666667,0.0208333333333334,0.972972972972973,0.945945945945946,2.3971,2.2757,-0.00578859251887767,-0.00267066445052175,0.981463593674131,1.03807352753359,0.193086561219485,0.154124723636726,0.00181032307145555,-0.00500728794215677,0.0296824148179736,0.0101483937489899,0.30129044517827,0.169760015953639,-0.00306581634528657,-0.000600781427145489,-0.0122095611206879,0.00740590502270638,0.148392489498276,0.116472064375329,0.0196775723091513,0.0260787102892365,-17.6486486486486,-14.972972972973,10.8228143725429,11.0077047698938,3.13585344513197,2.83468150234597,1.18840888782724,0.923936133307254,1.39106399726422,1.1349631586235,2.20189524235529,2.05523767874648,4.23116064500617,3.58081282640357
74a_HaKovaSheli.midi,85,lali_expert_01,IMP_PITCH,0.0257598333333338,0.0213416111111111,0.0208333333333334,0,0.945945945945946,0.972972972972973,2.2757,2.2819,-0.00267066445052175,-0.00162071908943898,1.03807352753359,1.052924812123,0.154124723636726,0.118462511573661,-0.00500728794215677,-0.00460980060126939,0.0101483937489899,0.00934403264208486,0.169760015953639,0.168591904114491,-0.000600781427145489,0.000150530320600568,0.00740590502270638,0.0247140530395413,0.116472064375329,0.0799529524285351,0.0260787102892365,0.0753911806543384,-14.972972972973,-12.1621621621622,11.0077047698938,5.56040723823092,2.83468150234597,3.22874242387661,0.923936133307254,1.08602277127688,1.1349631586235,1.27836644067249,2.05523767874648,2.19668635809941,3.58081282640357,4.09642067765677
77a_YomHuledetSameach.midi,85,lali_expert_02,IMP_TIMING,0.40345416,0.1670964,0.625,0.291666666666667,0.8,0.96,0.7231,0.7585,-0.00288793030874087,-0.00158519121272251,0.87162968166102,0.8998110546889,0.318339467794456,0.224495204699616,-0.0548486492329079,-0.000152849166117053,0.0705950623219363,-0.000922133984686175,0.746578520089032,0.361560004847304,0.0135632543982317,0.000308238851623149,-0.200304665382253,-0.0605804086562848,0.318053928090164,0.225247243507413,0.682307692307692,0.0876923076923078,-22.56,-12.6,11.9040488156395,8.58778948304674,0.307395035937677,2.90490799660689,0.251367967807258,1.23144768309924,0.609487593490096,1.4422800815534,1.23204445457118,2.15202030898954,0.988571031483811,4.16612803063064
77a_YomHuledetSameach.midi,85,lali_expert_02,IMP_PITCH,0.1670964,0.0223260833333333,0.291666666666667,0,0.96,0.96,0.7585,0.5718,-0.00158519121272251,0.000576732537776174,0.8998110546889,1.02837869523616,0.224495204699616,0.230338922614079,-0.000152849166117053,-0.00896932762003319,-0.000922133984686175,0.0434157724046445,0.361560004847304,0.219827610530627,0.000308238851623149,0.00430510679831151,-0.0605804086562848,-0.0411297582706089,0.225247243507413,0.179315828301048,0.0876923076923078,0.138461538461539,-12.6,-15.04,8.58778948304674,10.8666863300121,2.90490799660689,3.00412067262856,1.23144768309924,1.12574094797552,1.4422800815534,1.31562997392363,2.15202030898954,2.12712746507772,4.16612803063064,4.02798460022171
85c_BnuGesher.midi,85,lali_expert_03,IMP_TIMING,0.0765378214285718,0.0251547037037037,0.03125,0.03125,0.964285714285714,0.964285714285714,0.1321,0.1274,-0.00137251450975766,0.00917019025310059,1.00018970280004,1.08597524359176,0.314644752681475,0.315297925031531,0.0031821819224444,-0.00702587182744649,0.0358362911458807,-0.0307970801477177,0.370065397466904,0.206624563244564,-0.020939882318962,-0.00222573265927091,-0.339923579105973,0.0250442176211238,1.61395989470193,0.208514425937939,-0.103995621237,-0.075533661740558,-16.2142857142857,-16.7857142857143,11.0570157344142,8.41579344291761,2.96131136463031,3.07571994858595,1.74216920435546,0.991379871823102,1.84946438950822,1.19473525862445,2.13679077494071,2.13120065832335,5.03485776757342,3.85220573781967
85c_BnuGesher.midi,85,lali_expert_03,IMP_TIMING,0.0251547037037037,0.0387755925925921,0.03125,0.3125,0.964285714285714,0.964285714285714,0.1274,0.0878,0.00917019025310059,-0.00191204587452924,1.08597524359176,1.06206061594517,0.315297925031531,0.266569436425624,-0.00702587182744649,-0.0122261097800623,-0.0307970801477177,0.0184227202651977,0.206624563244564,0.335530067474581,-0.00222573265927091,-0.00087563104754194,0.0250442176211238,-0.00161985317468649,0.208514425937939,0.214878611623994,-0.075533661740558,0.0320197044334979,-16.7857142857143,-14.6785714285714,8.41579344291761,6.98738013253784,3.07571994858595,2.98548609562494,0.991379871823102,1.04185662679037,1.19473525862445,1.25562787777213,2.13120065832335,2.11942418987578,3.85220573781967,3.90322377335791
85c_BnuGesher.midi,85,lali_expert_03,IMP_PITCH,0.0387755925925921,0.0208584074074074,0.3125,0,0.964285714285714,0.964285714285714,0.0878,0.116,-0.00191204587452924,0.00822024202923608,1.06206061594517,1.05587771104469,0.266569436425624,0.339081135727314,-0.0122261097800623,-0.00723169372134681,0.0184227202651977,-0.0127050635521833,0.335530067474581,0.202812234191326,-0.00087563104754194,-0.00512730301461034,-0.00161985317468649,-0.0295000237029306,0.214878611623994,0.199293613143723,0.0320197044334979,0.00136836343732917,-14.6785714285714,-17.9642857142857,6.98738013253784,7.41610076444212,2.98548609562494,3.07838857892321,1.04185662679037,1.11928663301771,1.25562787777213,1.30536910365425,2.11942418987578,2.14294671801428,3.90322377335791,4.06140192342567
86b_EmekHanaharHaadom.midi,85,lali_expert_04,IMP_PITCH,0.106897970588235,0.0244691052631577,0.453125,0,0.763157894736842,1,0.9624,1.3526,-0.0178830507631482,0.00124902345755841,1.1080593957747,1.03348069423318,0.32244687644065,0.151175812913475,-0.0181539325732004,2.60573530455796e-05,0.114675379850382,-0.0326806037523617,1.04214747599489,0.0644855358518966,-0.120776589789626,6.36115728687392e-05,-0.579565923628548,0.0606127766418475,2.9668195723909,0.127788830775608,-0.156800525221578,-0.0728744939271254,-16.6052631578947,-13.3157894736842,8.80836729210504,9.99181194486611,-0.435555864775369,3.69486012490367,0.51183133244061,1.24940411068415,0.800248632878654,1.41703158810765,0.897221795825232,2.36729445739742,0.997217948084398,4.63917347006329
91b_LifneiShanimRabot.midi,85,lali_expert_05,IMP_PITCH,0.202319652173913,0.0871029583333333,0.5234375,0.0859375,0.847222222222222,0.986111111111111,3.5712,3.5812,-5.54467337582378e-05,0.000350709111208603,1.05026750158359,1.00118191247517,0.544394519249948,0.205231744871359,0.0014357063449818,0.0011360365590202,0.031312023907711,0.0280373315764841,1.21343938888077,0.442091859149347,-0.0102068281850289,-0.00067961684960452,-0.553861619915795,-0.0126626758661825,4.12381835648695,0.225188640530006,-0.101083670975625,-0.0724805453726927,-12.9861111111111,-12.9166666666667,8.71555965848164,5.93643423434739,0.667675761116792,3.22845236526213,1.11733869284814,1.25628895060036,1.36880787309173,1.46588891967159,1.34766738885981,2.24341132825363,2.72389957244408,4.42977106158772
91b_LifneiShanimRabot.midi,85,lali_expert_05,IMP_PITCH,0.0871029583333333,0.129084194444444,0.0859375,0.28125,0.986111111111111,0.986111111111111,3.5812,3.3047,0.000350709111208603,-0.00036996395412563,1.00118191247517,1.02752102434686,0.205231744871359,0.203373262748074,0.0011360365590202,-0.000727420657021843,0.0280373315764841,0.0449710952112119,0.442091859149347,0.207887593624929,-0.00067961684960452,0.000239521100922292,-0.0126626758661825,-0.00758042196601662,0.225188640530006,0.165094341501878,-0.0724805453726927,-0.0791530001929384,-12.9166666666667,-12.625,5.93643423434739,6.45028647690597,3.22845236526213,3.39239535112922,1.25628895060036,1.26120573405671,1.46588891967159,1.43816472556827,2.24341132825363,2.27113853934501,4.42977106158772,4.49439826226509
91b_LifneiShanimRabot.midi,85,lali_expert_05,IMP_PITCH,0.129084194444444,0.119366888888888,0.28125,0.28125,0.986111111111111,0.986111111111111,3.3047,3.3008,-0.00036996395412563,-0.00122524096422661,1.02752102434686,1.03524063151315,0.203373262748074,0.189172995587718,-0.000727420657021843,-0.00118097404087296,0.0449710952112119,0.0469255322106312,0.207887593624929,0.176412498018914,0.000239521100922292,-0.000166654200885663,-0.00758042196601662,-0.00746839693963825,0.165094341501878,0.152246957880003,-0.0791530001929384,-0.0248408257765773,-12.625,-12.7361111111111,6.45028647690597,5.70494790584739,3.39239535112922,3.41442791805343,1.26120573405671,1.26014334551677,1.43816472556827,1.43227073572248,2.27113853934501,2.27331829999044,4.49439826226509,4.50026543341118
ex2-210503.midi,85,itai_0,IMP_TIMING,0.0257873333333345,0.0359573636363639,0,0.0624999999999999,0.954545454545455,0.909090909090909,1.2518,1.2638,-0.0265306083372262,-0.00850084190497546,0.791932665001453,0.97292038679684,0.247845369503693,0.121289806934486,0.00111544755650501,0.00369506876120062,0.0164424308003916,0.0146641713625642,0.0432852385249825,0.0486055776105692,-0.0261785268354326,-0.00785109292677207,-0.203066189961974,-0.0225886658296304,0.24574059967105,0.101591944824751,-0.909090909090908,-0.796725014116319,-34.1818181818182,-37.0454545454545,4.91574024583299,5.40222638405193,3.04833669666888,2.38324882294533,1.58707195036735,0.763155868411472,1.71611887381914,0.982996188777975,2.21324109396728,1.89860620083111,4.77157364390217,3.0056352295387
ex2-210503.midi,85,itai_0,IMP_PITCH,0.0359573636363639,0.0278531818181818,0.0624999999999999,0,0.909090909090909,1,1.2638,1.2582,-0.00850084190497546,-0.0284669421874395,0.97292038679684,0.864803361072169,0.121289806934486,0.133634524780505,0.00369506876120062,0.000445063054469179,0.0146641713625642,0.0131810021043157,0.0486055776105692,0.0381502114256618,-0.00785109292677207,-0.0291640174120735,-0.0225886658296304,-0.134241747190873,0.101591944824751,0.126170582004684,-0.796725014116319,-0.466967814793901,-37.0454545454545,-41.5909090909091,5.40222638405193,4.57855763522647,2.38324882294533,3.71329485200204,0.763155868411472,1.74970650936544,0.982996188777975,1.85751714325581,1.89860620083111,2.43391872257519,3.0056352295387,5.46036884337872
ex5-210503.midi,85,itai_01,IMP_PITCH,0.100834923076923,0.0268915384615389,0.0624999999999999,0,0.961538461538462,0.961538461538462,0.9735,1.2409,-0.0260531839601072,-0.00025127852021524,0.860336926222822,0.840828150847538,0.27984169777926,0.228268441776656,-0.00709340683995252,0.0207205833194159,0.123218073306295,0.111131009416001,0.603614825865423,0.400143324051803,-0.00270690758450083,-0.00159986977382258,-0.141968729155948,-0.183126318245757,0.243641484951742,0.221513067405601,-0.124102564102565,0.0468376068376065,-44.5769230769231,-44.4230769230769,7.52016366434013,6.73836115914776,2.75785423727882,2.90028428854835,1.39564660061606,1.51806745274118,1.61372463121236,1.69483641931556,2.13625081131293,2.17602449849197,4.38920728974339,4.63778634545885
ex8-210503.midi,85,itai_02,IMP_PITCH,0.152058888888889,0.0617314666666668,0.0625,0.03125,0.9,0.966666666666667,1.2832,1.2631,0.00913060629489479,-0.00836693088442637,0.6879482407152,0.568840076601985,0.23366702403904,0.0988848376307591,0.00678113805863963,-0.00170144105865635,-0.110927468302637,0.0398520930886596,0.357219716639296,0.216313033474821,-0.00207579127907119,-0.00672217046593304,-0.231554112897702,-0.434633938337893,0.239747979659445,0.100792682670949,0.028253615127919,-0.595328142380422,-51.0333333333333,-60.4,8.70824532407915,10.1889916009709,2.03494619835249,3.10358087656763,1.25403049726366,2.26078744236645,1.47103596476503,2.33816532342192,1.90530399627309,2.33391908630129,3.64614180612933,5.93973598586985
ex8-210503.midi,85,itai_02,IMP_PITCH,0.0617314666666668,0.134072466666666,0.03125,0.125,0.966666666666667,0.966666666666667,1.2631,1.1307,-0.00836693088442637,-0.00292066487273344,0.568840076601985,0.556608505043449,0.0988848376307591,0.185621407342628,-0.00170144105865635,-0.0106666785845162,0.0398520930886596,0.0146847193788104,0.216313033474821,0.676451715257945,-0.00672217046593304,-0.00176593687791903,-0.434633938337893,-0.450416265819934,0.100792682670949,0.142930158887954,-0.595328142380422,-0.351724137931035,-60.4,-60.3,10.1889916009709,9.95552535714424,3.10358087656763,2.78148379931944,2.26078744236645,2.23561885744141,2.33816532342192,2.37278405689614,2.33391908630129,2.26482257869265,5.93973598586985,5.78739347452946
ex8-210503.midi,85,itai_02,IMP_PITCH,0.134072466666666,0.0220711034482759,0.125,0,0.966666666666667,1,1.1307,1.1312,-0.00292066487273344,-0.00636790140153201,0.556608505043449,0.625749504485517,0.185621407342628,0.137168635366977,-0.0106666785845162,-0.00544690148644074,0.0146847193788104,0.0476540491368846,0.676451715257945,0.205324743643466,-0.00176593687791903,-0.00528858352849686,-0.450416265819934,-0.409981555137133,0.142930158887954,0.104829045612421,-0.351724137931035,-0.240489432703003,-60.3,-50.3,9.95552535714424,5.18723719441991,2.78148379931944,3.59627267944957,2.23561885744141,2.42930872090854,2.37278405689614,2.48111548600287,2.26482257869265,2.4956207243574,5.78739347452946,6.5267565813961
74a_HaKovaSheli.midi,85,itai_03,IMP_PITCH,0.349071351351351,0.430262216216217,0.6875,0.541666666666667,0.702702702702703,0.756756756756757,2.4478,2.4403,-0.0113235925365089,-0.00701486572716753,0.789015527001075,0.66777046482478,0.598246128532297,0.524526371628901,-0.0399191749903843,0.0231759590491964,0.177719211668485,0.19966357235675,1.33722139838086,1.65083456153688,0.00108977757972232,-0.380522258398131,-0.223662350286559,-2.75008103921651,0.382191664384467,10.751459251251,0.113323850165955,0.407064959696539,-44.6756756756757,-41.2162162162162,9.71530766329436,11.2216800763217,-1.52173065454228,-0.954773382265003,-0.470768752977801,4.93144456865483,0.0517047607266745,4.59908924766852,0.63978450694434,0.92798058735812,-1.23514271912039,7.98483024441201
74a_HaKovaSheli.midi,85,itai_03,IMP_TIMING,0.430262216216217,0.261868060606061,0.541666666666667,0.5625,0.756756756756757,0.594594594594595,2.4403,2.2454,-0.00701486572716753,0.00174148760851701,0.66777046482478,0.841403864538894,0.524526371628901,0.514444221218723,0.0231759590491964,0.0340833792006305,0.19966357235675,0.200697869941395,1.65083456153688,2.1374619742665,-0.380522258398131,0.000939705864770861,-2.75008103921651,-0.320138392381513,10.751459251251,0.303026318610228,0.407064959696539,-1.01778093883357,-41.2162162162162,-56.3243243243243,11.2216800763217,14.5208418581473,-0.954773382265003,-3.6548720306352,4.93144456865483,-1.25311724440518,4.59908924766852,-0.560501150587216,0.92798058735812,-0.0946646971133833,7.98483024441201,-3.70867529719775
ex9-210503.midi,85,itai_04,IMP_PITCH,0.275754916666667,0.0383861739130436,0.875,0.125,0.5,0.875,1.1598,0.9942,-0.0218524937408532,-0.00923907141540423,1.02233189331498,1.07797807992262,0.527719580297048,0.168646073827643,-0.0406653708676401,-0.0128585663347513,0.137271724150777,0.08164429373984,1.14977686115381,0.231392826218269,-0.00306902591109803,0.000103745689992565,-0.264393029222884,-0.0122432689019203,0.375983564898942,0.08399519648446,-0.895652173913043,-0.675652173913043,-49.5,-49.9166666666667,14.930969072003,7.00574793264632,-4.33984380280767,1.75927502164721,-2.06794411073887,0.386076717029828,-1.42320889371201,0.658380316478376,-0.517227098311153,1.64537525823371,-5.67676976310092,2.02999573076044
ex9-210503.midi,85,itai_04,IMP_PITCH,0.0383861739130436,0.19788495652174,0.125,0.21875,0.875,0.875,0.9942,1.0707,-0.00923907141540423,-0.00952156359876874,1.07797807992262,0.908973498627119,0.168646073827643,0.337520982074295,-0.0128585663347513,-0.0146799876414425,0.08164429373984,0.00315273275980214,0.231392826218269,0.410027313594705,0.000103745689992565,-0.00139325152491413,-0.0122432689019203,-0.106190750518267,0.08399519648446,0.14551510532178,-0.675652173913043,-0.720434782608695,-49.9166666666667,-58.7916666666667,7.00574793264632,12.6989868064552,1.75927502164721,1.63423088048371,0.386076717029828,0.660128068046104,0.658380316478376,0.935638626855525,1.64537525823371,1.67932543533281,2.02999573076044,2.43332507328766
ex9-210503.midi,85,itai_04,IMP_PITCH,0.19788495652174,0.0280393333333329,0.21875,0,0.875,1,1.0707,1.26,-0.00952156359876874,-0.000198845119414351,0.908973498627119,1.01003205304125,0.337520982074295,0.0552837633137644,-0.0146799876414425,0.000700859379814676,0.00315273275980214,0.00840199272334542,0.410027313594705,0.0434088499834395,-0.00139325152491413,0.000610133364569826,-0.106190750518267,0.00737374913091929,0.14551510532178,0.0384575653876049,-0.720434782608695,-0.34,-58.7916666666667,-60.8333333333333,12.6989868064552,5.13467891267136,1.63423088048371,3.70961380501159,0.660128068046104,1.37264841663767,0.935638626855525,1.52063080715739,1.67932543533281,2.37934272437739,2.43332507328766,4.84494000190437
85c_BnuGesher.midi,85,itai_05,IMP_PITCH,0.239221238095238,0.144024294117647,0.6875,0.25,0.25,0.785714285714286,0.1837,0.1619,-0.0471284027852347,0.00690103034188,0.906796243174075,1.78569670063342,0.541744498128635,0.709255478426688,-0.0260101302728334,-0.0334560798981521,0.106014049989791,-0.0354673125834868,1.69498550744355,0.801313502448759,-0.0189771768570712,-0.00794702139227802,-0.273543318641723,-0.122769521953542,0.295164363429459,0.22458107397086,-1.62972085385878,-0.496442255062943,-63.1785714285714,-56.7857142857143,16.8628600233292,12.1661965820483,-8.35898985521048,0.0612234054287253,-3.95277451186269,-0.638686526601749,-3.01038904374922,-0.28895750433256,-1.91921229116538,0.807510631802407,-11.2030838319546,-0.609248765965066
85c_BnuGesher.midi,76,itai_05,IMP_PITCH,0.239221238095238,0.135297053571429,0.6875,0.3125,0.785714285714286,0.857142857142857,0.1619,0.3499,0.00690103034188,-0.0306251975974973,1.78569670063342,0.56447802418732,0.709255478426688,0.274162157473737,-0.0334560798981521,-0.0288186455153572,-0.0354673125834868,0.0698344341395204,0.801313502448759,1.04891208863669,-0.00794702139227802,-0.0265106305122265,-0.122769521953542,-0.452940719547754,0.22458107397086,0.278279181915708,-0.496442255062943,-1.16967706622879,-56.7857142857143,-45.8571428571429,12.1661965820483,9.21719142749156,0.0612234054287253,0.927190109382886,-0.638686526601749,1.34849963288565,-0.28895750433256,1.63176451348303,0.807510631802407,1.60760291115453,-0.609248765965066,3.23389303542159
85c_BnuGesher.midi,76,itai_05,IMP_TIMING,0.135297053571429,0.0451334464285712,0.3125,0.15625,0.857142857142857,0.821428571428571,0.3499,0.251,-0.0306251975974973,-0.0235011296415059,0.56447802418732,0.671604634264309,0.274162157473737,0.257802661240451,-0.0288186455153572,-0.0511189459211139,0.0698344341395204,-0.0706928253101247,1.04891208863669,0.658057994706296,-0.0265106305122265,-0.00761003925840368,-0.452940719547754,-0.355916807175502,0.278279181915708,0.294226526511698,-1.16967706622879,0.0990695128626174,-45.8571428571429,-53.2857142857143,9.21719142749156,10.1284028646365,0.927190109382886,0.681145117991306,1.34849963288565,0.868063385791086,1.63176451348303,1.15424065541158,1.60760291115453,1.43657414902634,3.23389303542159,2.21382049905879
85c_BnuGesher.midi,76,itai_05,IMP_PITCH,0.0451334464285712,0.0420113392857146,0.15625,0,0.821428571428571,1,0.251,0.3349,-0.0235011296415059,-0.00569741058700935,0.671604634264309,0.791648437686638,0.257802661240451,0.228817472589225,-0.0511189459211139,0.00288012668834253,-0.0706928253101247,0.00198384601096512,0.658057994706296,0.163447883716751,-0.00761003925840368,-0.00990737707926068,-0.355916807175502,-0.200986382415181,0.294226526511698,0.24485508351818,0.0990695128626174,-0.127805145046525,-53.2857142857143,-49.3214285714286,10.1284028646365,7.84635948017786,0.681145117991306,3.62558648139827,0.868063385791086,1.9127296681865,1.15424065541158,2.01977809562448,1.43657414902634,2.44093841666126,2.21382049905879,5.69559628872539
song1.midi,85,t_0,IMP_TIMING,0.494491142857143,0.0360981333333336,0.875,0,0,1,0.1993,1.2633,-0.0207239609460264,-0.00337419553493423,0.723015115174983,0.866692248560428,0.274639476356147,0.0963668972192859,0.0372374423924148,0.00138680410228647,0.0513868665294937,0.00820055630227098,0.254204748352596,0.0306438930446561,-0.0171013258074642,-0.00783618585452278,-0.229144339931601,-0.143466812385871,0.250412775226658,0.111304727396858,-0.996428571428571,0.160714285714285,-32.3333333333333,-13.8666666666667,6.93505464961865,5.71027388932934,-10.9879433238468,3.71854927486874,-5.61811603682242,1.76755407822896,-4.63381735454029,1.87106397213039,-2.97818835235116,2.4344208451455,-15.8910525651881,5.49122810587787
song4.midi,85,t_1,IMP_PITCH,0.0951764999999998,0.0362540000000002,0.21875,0,0.7,0.95,0.2888,1.0031,-0.00400346581723123,-0.00768656085205237,1.65200361084846,1.07133603984142,0.863312483725128,0.2161760810851,-0.0693075139654829,-0.0176788930376231,0.0805298449366201,0.0923864928124013,0.973492703451757,0.249790619577305,-0.00419472984878679,0.0038950450010981,-0.0812149445884142,-0.0368469499776392,0.130201831451502,0.0982911648736694,-0.672932330827067,-0.467669172932331,-25.15,-19.9,5.71891037631842,6.01907007688259,-1.30644489241623,2.83764656629589,-1.30647014246691,1.00774082812318,-0.835914461794631,1.20940338948112,0.363999831433788,2.05213916612631,-2.53518990542708,3.73545717500336
song9.midi,85,t_1,IMP_TIMING,0.226084,0.00580000000000012,0.375,0.125,0.72,0.56,1.2848,1.0855,0.00030307121558072,-0.0170020368729765,1.02589974136247,0.962257374093668,0.469437864518054,0.373587068309379,-0.0144640937462317,0.239475965887024,0.185794699550868,0.298275264961374,1.28406439799837,4.29283686359896,-0.0122848600867267,-0.0239753600081927,-0.170239912193817,-0.134027727559616,0.3120107587032,0.279802067633384,0.139230769230769,-0.750769230769231,-34.64,-30.48,13.2830707273852,8.18405266043163,-1.23284507859886,-5.66698580451927,-0.597310611946373,-2.2654378292707,-0.0933771508542476,-1.18494553818274,0.654566792016145,-0.672089126590491,-1.2679936600733,-6.20059056022031
song9.midi,85,t_1,IMP_PITCH,0.00580000000000012,0.1315515,0.125,0.0937500000000001,0.56,0.88,1.0855,1.2583,-0.0170020368729765,0.00441137218991243,0.962257374093668,0.854658811785302,0.373587068309379,0.302472192137778,0.239475965887024,-0.00369843697060089,0.298275264961374,0.0375350463174161,4.29283686359896,0.500048842980459,-0.0239753600081927,-0.00377443078872298,-0.134027727559616,-0.0130165113555465,0.279802067633384,0.552764562634559,-0.750769230769231,-0.221538461538461,-30.48,-38.24,8.18405266043163,16.0399980817187,-5.66698580451927,1.64396580991368,-2.2654378292707,0.539937532225601,-1.18494553818274,0.858639227674863,-0.672089126590491,1.71216842476256,-6.20059056022031,2.2626284339417
song9.midi,85,t_1,IMP_PITCH,0.1315515,0.0643883200000001,0.0937500000000001,0,0.88,1,1.2583,1.253,0.00441137218991243,-0.000491876916250598,0.854658811785302,0.984880289784364,0.302472192137778,0.129910388649062,-0.00369843697060089,-0.00155683597111759,0.0375350463174161,0.0079576972138042,0.500048842980459,0.122887145794113,-0.00377443078872298,0.000120232006464781,-0.0130165113555465,-0.0261233594886611,0.552764562634559,0.0619464674319579,-0.221538461538461,0.266923076923077,-38.24,-24.44,16.0399980817187,3.31371953844727,1.64396580991368,3.65397899794412,0.539937532225601,1.44427898713323,0.858639227674863,1.5935084279312,1.71216842476256,2.37593234945273,2.2626284339417,4.94235943658495
ex8-210503.midi,85,t_1,IMP_PITCH,0.15419528,0.0727824000000001,0.34375,0,0.766666666666667,1,1.1968,1.2746,-0.00386797040795131,0.000541967299518406,0.710771586323172,0.878393421377691,0.385936887378433,0.234471518958232,0.0349448331482509,-0.000290347359366702,0.0605764178750691,0.00869072926965686,1.39638656422419,0.189746129833078,-0.00606477655671814,-0.000517025808221874,-0.374110255810193,-0.137414137406408,0.405969257068068,0.170427713104047,-0.0682981090100115,-0.0694104560622914,-31.3,-36.6,17.8091571179151,7.73788701634586,-0.632470594956937,3.60717770911685,0.356437303696834,1.7254597246031,0.785087640533367,1.85259977077889,1.00659266278455,2.40463505331696,0.692486903363758,5.38415371957566
ex8-210503.midi,85,t_1,IMP_TIMING,0.0727824000000001,0.0493314666666669,0,0.0625,1,0.966666666666667,1.2746,1.2698,0.000541967299518406,0.0019712968508268,0.878393421377691,0.831039107078399,0.234471518958232,0.220207201603147,-0.000290347359366702,0.00138814682668946,0.00869072926965686,0.0064528628893203,0.189746129833078,0.0942802729426784,-0.000517025808221874,0.000620209594792945,-0.137414137406408,-0.170862821435866,0.170427713104047,0.21956303932369,-0.0694104560622914,0.0958843159065628,-36.6,-34.5666666666667,7.73788701634586,7.65799919081417,3.60717770911685,3.18900380894013,1.7254597246031,1.58258529898901,1.85259977077889,1.71682883148809,2.40463505331696,2.25643068671016,5.38415371957566,4.86462059657367
74a_HaKovaSheli.midi,85,t_1,IMP_PITCH,0.125,0,0.0833333333333334,0.145833333333333,0.189189189189189,0.513513513513513,1.4998,1.8559,0.00911387804222006,-0.00597459005652641,0.421889249903232,0.947713718109606,0.492402420127739,0.332926960997572,0.0989177315206021,-0.0631321552689283,0.186394484879011,0.148922917971534,5.10198615016374,2.120927110389,-0.0106405827270733,-0.00175099764179032,-0.552705661271304,-0.263327656967161,0.424639538041992,0.288245189565832,0.199857752489332,-0.275011853959223,-59.5135135135135,-43.2432432432432,11.0964998959816,9.31217402146559,-11.6286876024119,-4.82302735565068,-4.01623803324375,-2.05227994314038,-2.60978784664185,-1.27850113089809,-2.6151195091931,-0.571624034984416,-12.6958022012168,-5.76040436488087
74a_HaKovaSheli.midi,85,t_3,IMP_PITCH,0.176952380952381,0.269310076923077,0.395833333333333,0.520833333333333,0.513513513513513,0.594594594594595,1.8559,2.4637,-0.00597459005652641,-0.00525791064069676,0.947713718109606,0.645109792793762,0.332926960997572,0.247426015955342,-0.0631321552689283,-0.050159524282154,0.148922917971534,0.158405265676784,2.120927110389,1.51991127685805,-0.00175099764179032,-0.00296948569516533,-0.263327656967161,-0.479432616920355,0.288245189565832,0.258792746837882,-0.275011853959223,-0.3266951161688,-43.2432432432432,-51.0810810810811,9.31217402146559,12.4237349978402,-4.82302735565068,-3.22258654244929,-2.05227994314038,-0.72096349788518,-1.27850113089809,-0.157186893742895,-0.571624034984416,0.0767722210176673,-5.76040436488087,-2.69239147349978
74a_HaKovaSheli.midi,85,t_3,IMP_PITCH,0.269310076923077,0.264920692307692,0.520833333333333,0.416666666666667,0.594594594594595,0.540540540540541,2.4637,2.4971,-0.00525791064069676,0.00383703181884303,0.645109792793762,0.605339891271824,0.247426015955342,0.366970819806727,-0.050159524282154,-0.0260796781979977,0.158405265676784,0.200139866874451,1.51991127685805,2.0511362816767,-0.00296948569516533,-0.0349736921019979,-0.479432616920355,0.700193882994134,0.258792746837882,5.19132326692388,-0.3266951161688,-0.692745376955904,-51.0810810810811,-50.4054054054054,12.4237349978402,14.0145925213822,-3.22258654244929,-4.38093053230883,-0.72096349788518,-3.49225129724916,-0.157186893742895,-2.403616961343,0.0767722210176673,-0.287022429703713,-2.69239147349978,-7.83444468331593
74a_HaKovaSheli.midi,85,t_3,IMP_PITCH,0.264920692307692,0.191890086956522,0.416666666666667,0.3125,0.540540540540541,0.594594594594595,2.4971,2.4304,0.00383703181884303,-0.0123880337584639,0.605339891271824,0.726162027301718,0.366970819806727,0.401423928723469,-0.0260796781979977,0.00778256317834739,0.200139866874451,0.187055950571697,2.0511362816767,2.14429961685619,-0.0349736921019979,-0.0159970025655785,0.700193882994134,-0.314478892424194,5.19132326692388,0.275710148980453,-0.692745376955904,-0.70791844476055,-50.4054054054054,-41.9189189189189,14.0145925213822,10.8741695477322,-4.38093053230883,-3.65965838044799,-3.49225129724916,-1.1868026849628,-2.403616961343,-0.484390580962563,-0.287022429703713,-0.0531192401499787,-7.83444468331593,-3.60202435474549
74a_HaKovaSheli.midi,85,t_3,IMP_PITCH,0.191890086956522,0.235511575757576,0.3125,0.583333333333333,0.594594594594595,0.702702702702703,2.4304,2.4984,-0.0123880337584639,0.00372007396978937,0.726162027301718,0.800332741884342,0.401423928723469,0.588407988120802,0.00778256317834739,-0.0183886741569081,0.187055950571697,0.139817429166458,2.14429961685619,1.0473898410495,-0.0159970025655785,0.146580937463014,-0.314478892424194,1.43388342325888,0.275710148980453,9.49473935338398,-0.70791844476055,-0.624229492650545,-41.9189189189189,-41.2432432432432,10.8741695477322,13.4404184754852,-3.65965838044799,-1.31884856441033,-1.1868026849628,-3.6866777572211,-0.484390580962563,-2.64189413143056,-0.0531192401499787,0.681970186610549,-3.60202435474549,-6.39905501330504
74a_HaKovaSheli.midi,85,t_3,IMP_PITCH,0.235511575757576,0.183607,0.583333333333333,0.4375,0.702702702702703,0.486486486486487,2.4984,1.7479,0.00372007396978937,-0.0150618603149234,0.800332741884342,0.568399994561335,0.588407988120802,0.449953371600971,-0.0183886741569081,0.0594880747863497,0.139817429166458,0.21564043104585,1.0473898410495,2.03351265212544,0.146580937463014,-0.0159267621389363,1.43388342325888,-0.46965103099508,9.49473935338398,0.261867148618297,-0.624229492650545,-0.260075865339023,-41.2432432432432,-46.4864864864865,13.4404184754852,12.924932859235,-1.31884856441033,-5.15508047810943,-3.6866777572211,-1.58366071982188,-2.64189413143056,-0.845997541979574,0.681970186610549,-0.564048400706142,-6.39905501330504,-5.22686652996611
74a_HaKovaSheli.midi,85,t_3,IMP_PITCH,0.183607,0.181602117647059,0.4375,0.229166666666667,0.486486486486487,0.459459459459459,1.7479,1.5915,-0.0150618603149234,-0.0320798420379969,0.568399994561335,0.585190921597756,0.449953371600971,0.371635544940404,0.0594880747863497,-0.0424685198988401,0.21564043104585,0.185326606066229,2.03351265212544,2.11747794581321,-0.0159267621389363,0.0284988205293027,-0.46965103099508,-0.239574853301529,0.261867148618297,0.806978866682139,-0.260075865339023,-1.53105737316264,-46.4864864864865,-61.2702702702703,12.924932859235,15.9353980369116,-5.15508047810943,-5.60709942693411,-1.58366071982188,-2.26372894554825,-0.845997541979574,-1.41357866828251,-0.564048400706142,-0.730452247456419,-5.22686652996611,-6.60566791060898
74a_HaKovaSheli.midi,85,t_3,IMP_PITCH,0.181602117647059,0.233273459459459,0.229166666666667,0.25,0.459459459459459,0.972972972972973,1.5915,2.2962,-0.0320798420379969,-0.00566827090940933,0.585190921597756,0.901115767476897,0.371635544940404,0.351964363739165,-0.0424685198988401,-0.00309274211288984,0.185326606066229,0.0878081410135762,2.11747794581321,0.651740425698795,0.0284988205293027,-0.00108330861306905,-0.239574853301529,-0.115164590437843,0.806978866682139,0.261915224253706,-1.53105737316264,-0.00426742532005691,-61.2702702702703,-32.2972972972973,15.9353980369116,12.5583669719456,-5.60709942693411,2.8905384587676,-2.26372894554825,1.39577426983011,-1.41357866828251,1.61730853614397,-0.730452247456419,2.17555194116498,-6.60566791060898,4.48406178476218
74a_HaKovaSheli.midi,85,t_3,IMP_PITCH,0.233273459459459,0.119149567567567,0.25,0.229166666666667,0.972972972972973,0.891891891891892,2.2962,2.5041,-0.00566827090940933,-0.000151687516942244,0.901115767476897,0.820866007002474,0.351964363739165,0.282496550719887,-0.00309274211288984,-0.000200393143881868,0.0878081410135762,0.0446213668079134,0.651740425698795,0.492441312858349,-0.00108330861306905,-0.000372177158198487,-0.115164590437843,-0.213572720232988,0.261915224253706,0.267323060978635,-0.00426742532005691,-0.418918918918919,-32.2972972972973,-34.1891891891892,12.5583669719456,12.9007385080876,2.8905384587676,1.82231810802618,1.39577426983011,1.04768807931102,1.61730853614397,1.28881723186588,2.17555194116498,1.79046194032472,4.48406178476218,3.20166126570003
74a_HaKovaSheli.midi,85,t_3,IMP_TIMING,0.119149567567567,0.191912702702702,0.229166666666667,0.354166666666667,0.891891891891892,0.972972972972973,2.5041,2.3657,-0.000151687516942244,-0.00458174741602632,0.820866007002474,0.838437663326651,0.282496550719887,0.300217292517165,-0.000200393143881868,-0.00697475657623694,0.0446213668079134,0.0463264863845874,0.492441312858349,0.39115115124381,-0.000372177158198487,-0.00236430674311266,-0.213572720232988,-0.191555391055173,0.267323060978635,0.218982120943613,-0.418918918918919,-0.039829302987198,-34.1891891891892,-32.5405405405405,12.9007385080876,9.66738196532739,1.82231810802618,3.07295095088609,1.04768807931102,1.62460384828594,1.28881723186588,1.78744343021523,1.79046194032472,2.24043712361337,3.20166126570003,4.91979809333207
74a_HaKovaSheli.midi,85,t_3,IMP_PITCH,0.191912702702702,0.241549600000001,0.354166666666667,0.395833333333333,0.972972972972973,0.837837837837838,2.3657,2.4965,-0.00458174741602632,0.00841096631325904,0.838437663326651,0.793931279230725,0.300217292517165,0.269690655963008,-0.00697475657623694,0.0127476811959111,0.0463264863845874,-0.0241950819955299,0.39115115124381,0.781227426037192,-0.00236430674311266,0.00403072708590503,-0.191555391055173,-0.173235616182777,0.218982120943613,0.262530434013606,-0.039829302987198,0.00213371266002813,-32.5405405405405,-27.027027027027,9.66738196532739,8.5909412392729,3.07295095088609,0.833681342314506,1.62460384828594,0.534621022520468,1.78744343021523,0.878537956990768,2.24043712361337,1.46070849797814,4.91979809333207,1.79364046489894
74a_HaKovaSheli.midi,85,t_3,IMP_PITCH,0.241549600000001,0.203962388888889,0.395833333333333,0.270833333333334,0.837837837837838,0.837837837837838,2.4965,1.9466,0.00841096631325904,-0.0102205273839845,0.793931279230725,0.918167859953583,0.269690655963008,0.365203679079018,0.0127476811959111,0.00751559180965118,-0.0241950819955299,0.13156447336315,0.781227426037192,0.840736046447645,0.00403072708590503,-0.0895483415126669,-0.173235616182777,-0.806017152300567,0.262530434013606,3.50162154277051,0.00213371266002813,-0.863679468942626,-27.027027027027,-35.5135135135135,8.5909412392729,10.9326968029714,0.833681342314506,0.792025308027188,0.534621022520468,1.68206075156233,0.878537956990768,1.81170897576667,1.46070849797814,1.40521958384501,1.79364046489894,3.6463419089194
song8.midi,85,t_3,IMP_PITCH,0.101181818181818,0.283843066666667,0.375,0.3125,0.263157894736842,0.578947368421053,0.8926,1.116,-0.0119236973261186,0.00208181092062203,1.01797371290421,1.32236587887339,1.03363724999816,1.10644986208592,0.0541399933745341,0.109368573848138,0.314800341939438,0.484132388484955,1.88330001570035,2.30064079389193,0.00224849294062847,-0.0140956367673909,-0.450332752225321,-0.165018599110517,0.325267583560252,0.261160244591377,-0.971929824561402,-0.177192982456139,-38.2631578947368,-31.1578947368421,11.9052628131878,4.46361727103705,-8.29936264256919,-3.99676434519803,-3.60796877471655,-2.02628310715374,-2.71744569947041,-1.27332588296516,-1.91903090786556,-0.383693691679546,-10.5653824543672,-5.15377059909506
song8.midi,85,t_3,IMP_TIMING,0.283843066666667,0.107532777777778,0.3125,0.0937499999999999,0.578947368421053,0.894736842105263,1.116,0.9942,0.00208181092062203,-0.00774475989229972,1.32236587887339,1.0850112646151,1.10644986208592,0.390705974482066,0.109368573848138,-0.00292647832803924,0.484132388484955,0.176525160889041,2.30064079389193,0.475802785579076,-0.0140956367673909,-0.00173988876799419,-0.165018599110517,-0.0757435857824475,0.261160244591377,0.12257934046645,-0.177192982456139,-0.101754385964912,-31.1578947368421,-29.5789473684211,4.46361727103705,6.77712584344247,-3.99676434519803,1.87535910272623,-2.02628310715374,0.621932115056363,-1.27332588296516,0.889269957362917,-0.383693691679546,1.71083843903134,-5.15377059909506,2.53836906780634
song8.midi,85,t_3,IMP_PITCH,0.107532777777778,0.290142857142858,0.0937499999999999,0.28125,0.894736842105263,0.578947368421053,0.9942,1.0964,-0.00774475989229972,-0.0321763992298376,1.0850112646151,1.15448319803002,0.390705974482066,0.771240259350662,-0.00292647832803924,-0.0129851994280598,0.176525160889041,0.333163080844696,0.475802785579076,1.56883747073424,-0.00173988876799419,-0.0137883214158713,-0.0757435857824475,-0.333501597262142,0.12257934046645,0.265880874913995,-0.101754385964912,-1.20526315789474,-29.5789473684211,-38.9473684210526,6.77712584344247,6.81881212751967,1.87535910272623,-3.48450201898765,0.621932115056363,-1.47944374256099,0.889269957362917,-0.876150242135442,1.71083843903134,-0.204488568062272,2.53836906780634,-4.08601249737113
song8.midi,85,t_3,IMP_PITCH,0.290142857142858,0.134619157894737,0.28125,0,0.578947368421053,1,1.0964,1.1576,-0.0321763992298376,0.0252970206907875,1.15448319803002,0.91237769950014,0.771240259350662,0.280244343745697,-0.0129851994280598,0.0110009857099186,0.333163080844696,0.0621292772404167,1.56883747073424,0.276802133173549,-0.0137883214158713,0.0204604029153698,-0.333501597262142,-0.146648851600915,0.265880874913995,0.127168141149406,-1.20526315789474,0.0877192982456146,-38.9473684210526,-34.6315789473684,6.81881212751967,8.95058994864863,-3.48450201898765,3.54623850677852,-1.47944374256099,1.7082626148334,-0.876150242135442,1.84241164196338,-0.204488568062272,2.37813190987718,-4.08601249737113,5.33497358757019
song8.midi,85,t_3,IMP_TIMING,0.134619157894737,0.177170315789474,0,0.125,1,1,1.1576,1.2828,0.0252970206907875,-0.00708006539447967,0.91237769950014,0.898690296611279,0.280244343745697,0.199590366828867,0.0110009857099186,0.00174947276934435,0.0621292772404167,0.0177011275327254,0.276802133173549,0.283459447780374,0.0204604029153698,-0.00880704947740905,-0.146648851600915,-0.111727958930716,0.127168141149406,0.149551899084463,0.0877192982456146,-0.784210526315788,-34.6315789473684,-32.6842105263158,8.95058994864863,6.02570031842651,3.54623850677852,3.54157838655374,1.7082626148334,1.64819307511928,1.84241164196338,1.79596847397541,2.37813190987718,2.38213107860897,5.33497358757019,5.23564001929369
song8.midi,85,t_3,IMP_PITCH,0.177170315789474,0.0590248421052637,0.125,0,1,1,1.2828,1.1951,-0.00708006539447967,0.0114045472525301,0.898690296611279,0.947936399137753,0.199590366828867,0.126552796833947,0.00174947276934435,0.00341491400825771,0.0177011275327254,0.0209435805870995,0.283459447780374,0.11391965284377,-0.00880704947740905,0.00987669018226503,-0.111727958930716,-0.0713457627977656,0.149551899084463,0.0736461670250343,-0.784210526315788,-0.0719298245614031,-32.6842105263158,-29.4210526315789,6.02570031842651,6.7892171703058,3.54157838655374,3.66025624300936,1.64819307511928,1.55929219227182,1.79596847397541,1.69410720037044,2.38213107860897,2.39103638786403,5.23564001929369,5.13184134344539
